model,total_queries,execution_success_rate,result_match_rate,avg_table_access_accuracy,avg_column_access_accuracy,avg_query_similarity,avg_select_similarity,avg_from_similarity,avg_where_similarity,avg_composite_score,empty_results_both,experiment
Qwen 2.5 14b,5124,0.14402810304449648,0.1325136612021858,0.25869810437071766,0.08290993539023668,0.22108447634822814,0.3226863516945137,0.34555519728806733,0.24566119402512923,0.13018415394766944,4751,schema_aware
Phi4,5124,0.20979703356752538,0.20042935206869633,0.3131755512095072,0.11879415758625353,0.2215772873926074,0.3535233255084311,0.3168780953496418,0.2612857690611537,0.16868047611902182,4748,schema_aware
DuckDB NSQL 7b,5124,0.11807181889149103,0.11494925839188135,0.6697609187802396,0.40780248577761563,0.652974623639085,0.7006476715963788,0.8070657001933295,0.6023387915801801,0.31529492079304394,4746,schema_aware
SQLCoder 7b,5124,0.06128024980483997,0.059718969555035126,0.2528449778585105,0.09174571649351536,0.25054441260262594,0.3635259098460258,0.2908944377776839,0.26669218602233574,0.11188827099717831,4751,schema_aware
MedQwen Reasoning i1,5124,0.17642466822794692,0.16998438719750195,0.35647494543524694,0.11554987876394684,0.28533020036956136,0.3748121593044281,0.4515303633701621,0.2622445281075072,0.1739333010360455,4751,schema_aware
