model,total_queries,execution_success_rate,result_match_rate,avg_table_access_accuracy,avg_column_access_accuracy,avg_query_similarity,avg_select_similarity,avg_from_similarity,avg_where_similarity,avg_composite_score,empty_results_both,experiment
Qwen 2.5 14b,5124,0.3233801717408275,0.3077673692427791,0.565944932576952,0.42787561515076616,0.48755638583972555,0.6110002332555999,0.5462696982219268,0.48016673797379295,0.3398499589023499,4751,schema_aware
DuckDB NSQL 7b,5124,0.3233801717408275,0.3077673692427791,0.5729615925751758,0.491572140333517,0.6493206917054754,0.7395052723532518,0.7572826557478164,0.636425748939555,0.3701690265251198,4751,schema_aware
Phi4,5124,0.3233801717408275,0.3077673692427791,0.560309176468427,0.48933647871972563,0.6439525611243404,0.7385244563557666,0.7198105256650796,0.5789227740387077,0.3666545979228983,4751,schema_aware
Medalpaca 13b,5124,0.3233801717408275,0.3077673692427791,0.4776327614092166,0.29700103916452597,0.4532273629632153,0.5913572827977658,0.5741747334460043,0.407848387732137,0.2925797071839038,4751,schema_aware
MedQwen Reasoning i1,5124,0.3233801717408275,0.3077673692427791,0.591858525989455,0.46102560439282064,0.5764791495677817,0.7134489983586861,0.6606012167933231,0.5611048455025794,0.36055495180606706,4751,schema_aware
